GEOID,NAME,variable,estimate,moe
01,Alabama,B01001_026,2600834,1366
01,Alabama,B01001_027,144256,852
01,Alabama,B01001_028,148657,2551
01,Alabama,B01001_029,162282,2702
01,Alabama,B01001_030,96878,707
01,Alabama,B01001_031,72654,1159
01,Alabama,B01001_032,36767,1693
01,Alabama,B01001_033,36355,1695
01,Alabama,B01001_034,93463,2104
01,Alabama,B01001_035,162502,651
01,Alabama,B01001_036,168150,742
01,Alabama,B01001_037,160148,2451
01,Alabama,B01001_038,160832,2373
01,Alabama,B01001_039,155805,705
01,Alabama,B01001_040,161834,559
01,Alabama,B01001_041,168617,2560
01,Alabama,B01001_042,71804,1869
01,Alabama,B01001_043,105036,2094
01,Alabama,B01001_044,65936,1855
01,Alabama,B01001_045,92132,2057
01,Alabama,B01001_046,127678,2380
01,Alabama,B01001_047,90834,1422
01,Alabama,B01001_048,61366,1740
01,Alabama,B01001_049,56848,1832
02,Alaska,B01001_026,348652,512
02,Alaska,B01001_027,23389,240
02,Alaska,B01001_028,24440,851
02,Alaska,B01001_029,24587,871
02,Alaska,B01001_030,14484,247
02,Alaska,B01001_031,7571,241
02,Alaska,B01001_032,4409,576
02,Alaska,B01001_033,3804,555
02,Alaska,B01001_034,13187,770
02,Alaska,B01001_035,25463,254
02,Alaska,B01001_036,27517,274
02,Alaska,B01001_037,25523,945
02,Alaska,B01001_038,22678,988
02,Alaska,B01001_039,19735,377
02,Alaska,B01001_040,19706,276
02,Alaska,B01001_041,21116,873
02,Alaska,B01001_042,8885,603
02,Alaska,B01001_043,13196,890
02,Alaska,B01001_044,8053,502
02,Alaska,B01001_045,10792,611
02,Alaska,B01001_046,13058,590
02,Alaska,B01001_047,8642,375
02,Alaska,B01001_048,4657,355
02,Alaska,B01001_049,3760,307
04,Arizona,B01001_026,3639481,490
04,Arizona,B01001_027,195563,335
04,Arizona,B01001_028,213888,2476
04,Arizona,B01001_029,230208,2452
04,Arizona,B01001_030,140100,229
04,Arizona,B01001_031,94559,711
04,Arizona,B01001_032,45583,1838
04,Arizona,B01001_033,48874,1891
04,Arizona,B01001_034,141286,2254
04,Arizona,B01001_035,242611,289
04,Arizona,B01001_036,239393,377
04,Arizona,B01001_037,226155,2840
04,Arizona,B01001_038,219447,2833
04,Arizona,B01001_039,210424,311
04,Arizona,B01001_040,213682,260
04,Arizona,B01001_041,220265,3075
04,Arizona,B01001_042,93598,2217
04,Arizona,B01001_043,138735,2255
04,Arizona,B01001_044,87823,2058
04,Arizona,B01001_045,132023,2406
04,Arizona,B01001_046,193883,2415
04,Arizona,B01001_047,139219,1975
04,Arizona,B01001_048,87714,1868
04,Arizona,B01001_049,84448,2169
05,Arkansas,B01001_026,1536693,1129
05,Arkansas,B01001_027,89295,712
05,Arkansas,B01001_028,95997,1906
05,Arkansas,B01001_029,98081,1819
05,Arkansas,B01001_030,61053,671
05,Arkansas,B01001_031,39356,852
05,Arkansas,B01001_032,19098,1174
05,Arkansas,B01001_033,21501,1151
05,Arkansas,B01001_034,58365,1579
05,Arkansas,B01001_035,96126,609
05,Arkansas,B01001_036,99253,714
05,Arkansas,B01001_037,97814,1863
05,Arkansas,B01001_038,94714,1949
05,Arkansas,B01001_039,89467,632
05,Arkansas,B01001_040,90679,508
05,Arkansas,B01001_041,94949,1519
05,Arkansas,B01001_042,41472,1469
05,Arkansas,B01001_043,59393,1681
05,Arkansas,B01001_044,38007,1413
05,Arkansas,B01001_045,51772,1338
05,Arkansas,B01001_046,74975,1509
05,Arkansas,B01001_047,53421,1406
05,Arkansas,B01001_048,36039,1250
05,Arkansas,B01001_049,35866,1270
06,California,B01001_026,19636903,1332
06,California,B01001_027,1081598,766
06,California,B01001_028,1149795,7886
06,California,B01001_029,1270013,7939
06,California,B01001_030,757427,519
06,California,B01001_031,501792,938
06,California,B01001_032,248910,4344
06,California,B01001_033,247765,4218
06,California,B01001_034,743734,4751
06,California,B01001_035,1389406,714
06,California,B01001_036,1450376,807
06,California,B01001_037,1353301,6810
06,California,B01001_038,1286019,6858
06,California,B01001_039,1220447,664
06,California,B01001_040,1233122,619
06,California,B01001_041,1226964,6921
06,California,B01001_042,494237,5207
06,California,B01001_043,690319,5563
06,California,B01001_044,436501,4945
06,California,B01001_045,591283,4983
06,California,B01001_046,843002,4863
06,California,B01001_047,573159,4498
06,California,B01001_048,386508,3632
06,California,B01001_049,461225,4562
08,Colorado,B01001_026,2868206,882
08,Colorado,B01001_027,154436,527
08,Colorado,B01001_028,164264,2271
08,Colorado,B01001_029,178424,2267
08,Colorado,B01001_030,108155,518
08,Colorado,B01001_031,71790,619
08,Colorado,B01001_032,34421,1782
08,Colorado,B01001_033,34322,1813
08,Colorado,B01001_034,113490,1967
08,Colorado,B01001_035,212441,543
08,Colorado,B01001_036,220691,461
08,Colorado,B01001_037,208874,2257
08,Colorado,B01001_038,193870,2253
08,Colorado,B01001_039,174302,589
08,Colorado,B01001_040,171277,537
08,Colorado,B01001_041,174672,2504
08,Colorado,B01001_042,73435,1901
08,Colorado,B01001_043,105138,2095
08,Colorado,B01001_044,66529,1519
08,Colorado,B01001_045,93399,1773
08,Colorado,B01001_046,126102,1856
08,Colorado,B01001_047,81378,1773
08,Colorado,B01001_048,51906,1395
08,Colorado,B01001_049,54890,1502
09,Connecticut,B01001_026,1833231,367
09,Connecticut,B01001_027,88272,209
09,Connecticut,B01001_028,96700,2216
09,Connecticut,B01001_029,105759,2243
09,Connecticut,B01001_030,68453,163
09,Connecticut,B01001_031,48384,353
09,Connecticut,B01001_032,23320,1346
09,Connecticut,B01001_033,21978,1336
09,Connecticut,B01001_034,68428,1511
09,Connecticut,B01001_035,108636,164
09,Connecticut,B01001_036,112924,168
09,Connecticut,B01001_037,114798,1930
09,Connecticut,B01001_038,112491,1981
09,Connecticut,B01001_039,110811,281
09,Connecticut,B01001_040,125711,224
09,Connecticut,B01001_041,134487,2281
09,Connecticut,B01001_042,55365,1765
09,Connecticut,B01001_043,75843,1870
09,Connecticut,B01001_044,46225,1559
09,Connecticut,B01001_045,62988,1739
09,Connecticut,B01001_046,89626,1727
09,Connecticut,B01001_047,62793,1549
09,Connecticut,B01001_048,42177,1314
09,Connecticut,B01001_049,57062,1504
10,Delaware,B01001_026,518287,171
10,Delaware,B01001_027,26813,116
10,Delaware,B01001_028,28438,1087
10,Delaware,B01001_029,29832,1097
10,Delaware,B01001_030,18508,84
10,Delaware,B01001_031,13443,101
10,Delaware,B01001_032,6951,685
10,Delaware,B01001_033,6069,677
10,Delaware,B01001_034,15984,901
10,Delaware,B01001_035,30894,143
10,Delaware,B01001_036,33636,64
10,Delaware,B01001_037,29673,1096
10,Delaware,B01001_038,31910,1099
10,Delaware,B01001_039,28613,43
10,Delaware,B01001_040,32247,43
10,Delaware,B01001_041,34745,965
10,Delaware,B01001_042,16292,917
10,Delaware,B01001_043,23855,1050
10,Delaware,B01001_044,15762,847
10,Delaware,B01001_045,21345,964
10,Delaware,B01001_046,28754,909
10,Delaware,B01001_047,19854,681
10,Delaware,B01001_048,12492,680
10,Delaware,B01001_049,12177,831
11,District of Columbia,B01001_026,352078,95
11,District of Columbia,B01001_027,20016,49
11,District of Columbia,B01001_028,18833,1026
11,District of Columbia,B01001_029,15070,1013
11,District of Columbia,B01001_030,8022,3
11,District of Columbia,B01001_031,9504,179
11,District of Columbia,B01001_032,4018,459
11,District of Columbia,B01001_033,4416,553
11,District of Columbia,B01001_034,16267,711
11,District of Columbia,B01001_035,40335,82
11,District of Columbia,B01001_036,39842,45
11,District of Columbia,B01001_037,31505,1099
11,District of Columbia,B01001_038,24617,1097
11,District of Columbia,B01001_039,18542,28
11,District of Columbia,B01001_040,17194,24
11,District of Columbia,B01001_041,16232,829
11,District of Columbia,B01001_042,7303,671
11,District of Columbia,B01001_043,10417,905
11,District of Columbia,B01001_044,6856,692
11,District of Columbia,B01001_045,8454,715
11,District of Columbia,B01001_046,12813,702
11,District of Columbia,B01001_047,9016,600
11,District of Columbia,B01001_048,6360,540
11,District of Columbia,B01001_049,6446,502
12,Florida,B01001_026,11155261,1506
12,Florida,B01001_027,544801,879
12,Florida,B01001_028,571351,5852
12,Florida,B01001_029,614542,5897
12,Florida,B01001_030,373153,717
12,Florida,B01001_031,245708,1000
12,Florida,B01001_032,127027,3582
12,Florida,B01001_033,129008,3449
12,Florida,B01001_034,371288,4511
12,Florida,B01001_035,663694,995
12,Florida,B01001_036,707335,781
12,Florida,B01001_037,687968,6232
12,Florida,B01001_038,675765,6316
12,Florida,B01001_039,668191,818
12,Florida,B01001_040,707299,668
12,Florida,B01001_041,765306,6053
12,Florida,B01001_042,316725,4828
12,Florida,B01001_043,458569,5486
12,Florida,B01001_044,304048,4066
12,Florida,B01001_045,424848,4454
12,Florida,B01001_046,644517,4802
12,Florida,B01001_047,488763,4696
12,Florida,B01001_048,326914,3741
12,Florida,B01001_049,338441,4674
13,Georgia,B01001_026,5540828,2040
13,Georgia,B01001_027,311561,1098
13,Georgia,B01001_028,338808,4517
13,Georgia,B01001_029,368035,4331
13,Georgia,B01001_030,224830,1275
13,Georgia,B01001_031,148188,1461
13,Georgia,B01001_032,74102,2454
13,Georgia,B01001_033,74584,2513
13,Georgia,B01001_034,208149,3056
13,Georgia,B01001_035,372134,1145
13,Georgia,B01001_036,382604,1213
13,Georgia,B01001_037,375318,4801
13,Georgia,B01001_038,367813,4719
13,Georgia,B01001_039,356994,985
13,Georgia,B01001_040,360642,1102
13,Georgia,B01001_041,356684,3626
13,Georgia,B01001_042,138457,2766
13,Georgia,B01001_043,197394,3289
13,Georgia,B01001_044,123268,2288
13,Georgia,B01001_045,166927,2762
13,Georgia,B01001_046,237647,3101
13,Georgia,B01001_047,159872,2494
13,Georgia,B01001_048,98517,2167
13,Georgia,B01001_049,98300,2358
15,Hawaii,B01001_026,718162,169
15,Hawaii,B01001_027,39671,97
15,Hawaii,B01001_028,39930,1197
15,Hawaii,B01001_029,42876,1184
15,Hawaii,B01001_030,23392,132
15,Hawaii,B01001_031,13769,202
15,Hawaii,B01001_032,7121,601
15,Hawaii,B01001_033,7688,617
15,Hawaii,B01001_034,23899,756
15,Hawaii,B01001_035,45244,102
15,Hawaii,B01001_036,48387,103
15,Hawaii,B01001_037,48563,1129
15,Hawaii,B01001_038,45129,1116
15,Hawaii,B01001_039,41908,103
15,Hawaii,B01001_040,43341,82
15,Hawaii,B01001_041,44171,1028
15,Hawaii,B01001_042,18369,918
15,Hawaii,B01001_043,29191,992
15,Hawaii,B01001_044,20071,994
15,Hawaii,B01001_045,26442,812
15,Hawaii,B01001_046,37542,1033
15,Hawaii,B01001_047,28041,946
15,Hawaii,B01001_048,17938,872
15,Hawaii,B01001_049,25479,1010
16,Idaho,B01001_026,941216,734
16,Idaho,B01001_027,55313,411
16,Idaho,B01001_028,62321,1439
16,Idaho,B01001_029,67122,1517
16,Idaho,B01001_030,40599,349
16,Idaho,B01001_031,32908,581
16,Idaho,B01001_032,12978,950
16,Idaho,B01001_033,12233,846
16,Idaho,B01001_034,34463,1530
16,Idaho,B01001_035,58882,479
16,Idaho,B01001_036,61010,406
16,Idaho,B01001_037,60460,1503
16,Idaho,B01001_038,60545,1511
16,Idaho,B01001_039,52535,501
16,Idaho,B01001_040,51841,391
16,Idaho,B01001_041,54495,1435
16,Idaho,B01001_042,23252,1074
16,Idaho,B01001_043,35602,1236
16,Idaho,B01001_044,23909,1064
16,Idaho,B01001_045,29936,1113
16,Idaho,B01001_046,44750,1405
16,Idaho,B01001_047,29865,834
16,Idaho,B01001_048,18118,824
16,Idaho,B01001_049,18079,914
17,Illinois,B01001_026,6422254,1065
17,Illinois,B01001_027,346230,539
17,Illinois,B01001_028,376630,3896
17,Illinois,B01001_029,400045,3901
17,Illinois,B01001_030,250362,509
17,Illinois,B01001_031,158966,602
17,Illinois,B01001_032,77390,2157
17,Illinois,B01001_033,77961,2183
17,Illinois,B01001_034,247321,2757
17,Illinois,B01001_035,425820,669
17,Illinois,B01001_036,429453,494
17,Illinois,B01001_037,426799,3936
17,Illinois,B01001_038,407872,3808
17,Illinois,B01001_039,390807,428
17,Illinois,B01001_040,403341,419
17,Illinois,B01001_041,416744,3558
17,Illinois,B01001_042,175460,2716
17,Illinois,B01001_043,244596,2827
17,Illinois,B01001_044,153364,2904
17,Illinois,B01001_045,211428,2597
17,Illinois,B01001_046,294517,2936
17,Illinois,B01001_047,202434,2717
17,Illinois,B01001_048,138318,2462
17,Illinois,B01001_049,166396,2466
18,Indiana,B01001_026,3434741,1297
18,Indiana,B01001_027,200396,680
18,Indiana,B01001_028,212084,2623
18,Indiana,B01001_029,226673,2592
18,Indiana,B01001_030,138155,687
18,Indiana,B01001_031,91236,1139
18,Indiana,B01001_032,48200,1682
18,Indiana,B01001_033,46798,1782
18,Indiana,B01001_034,133932,2544
18,Indiana,B01001_035,221268,715
18,Indiana,B01001_036,220732,732
18,Indiana,B01001_037,216929,2801
18,Indiana,B01001_038,211642,2933
18,Indiana,B01001_039,201518,746
18,Indiana,B01001_040,208150,612
18,Indiana,B01001_041,217683,2809
18,Indiana,B01001_042,91585,2365
18,Indiana,B01001_043,131570,1942
18,Indiana,B01001_044,82112,2118
18,Indiana,B01001_045,111344,2125
18,Indiana,B01001_046,159873,2198
18,Indiana,B01001_047,107887,1754
18,Indiana,B01001_048,71441,1537
18,Indiana,B01001_049,83533,1865
19,Iowa,B01001_026,1594484,935
19,Iowa,B01001_027,91819,602
19,Iowa,B01001_028,98896,1621
19,Iowa,B01001_029,104565,1682
19,Iowa,B01001_030,63568,572
19,Iowa,B01001_031,44765,607
19,Iowa,B01001_032,24368,1249
19,Iowa,B01001_033,22885,1093
19,Iowa,B01001_034,62596,1498
19,Iowa,B01001_035,95567,523
19,Iowa,B01001_036,97088,507
19,Iowa,B01001_037,100374,1502
19,Iowa,B01001_038,95492,1613
19,Iowa,B01001_039,87236,648
19,Iowa,B01001_040,90645,443
19,Iowa,B01001_041,98563,1513
19,Iowa,B01001_042,44488,1160
19,Iowa,B01001_043,62465,1259
19,Iowa,B01001_044,39478,1093
19,Iowa,B01001_045,54398,1306
19,Iowa,B01001_046,75965,1222
19,Iowa,B01001_047,52918,1079
19,Iowa,B01001_048,38674,863
19,Iowa,B01001_049,47671,979
20,Kansas,B01001_026,1463914,922
20,Kansas,B01001_027,87048,539
20,Kansas,B01001_028,94796,1594
20,Kansas,B01001_029,100765,1630
20,Kansas,B01001_030,60022,551
20,Kansas,B01001_031,41518,731
20,Kansas,B01001_032,20535,948
20,Kansas,B01001_033,20323,1244
20,Kansas,B01001_034,59639,1501
20,Kansas,B01001_035,90953,528
20,Kansas,B01001_036,92336,553
20,Kansas,B01001_037,96989,1933
20,Kansas,B01001_038,87152,2002
20,Kansas,B01001_039,79901,441
20,Kansas,B01001_040,82179,500
20,Kansas,B01001_041,88344,1339
20,Kansas,B01001_042,39379,1253
20,Kansas,B01001_043,57271,1485
20,Kansas,B01001_044,34170,1302
20,Kansas,B01001_045,46903,1373
20,Kansas,B01001_046,68677,1570
20,Kansas,B01001_047,43998,1191
20,Kansas,B01001_048,31629,1167
20,Kansas,B01001_049,39387,1350
21,Kentucky,B01001_026,2276855,1261
21,Kentucky,B01001_027,130120,659
21,Kentucky,B01001_028,136609,2350
21,Kentucky,B01001_029,144668,2296
21,Kentucky,B01001_030,86747,624
21,Kentucky,B01001_031,55567,900
21,Kentucky,B01001_032,29027,1399
21,Kentucky,B01001_033,29316,1392
21,Kentucky,B01001_034,85404,1776
21,Kentucky,B01001_035,143179,703
21,Kentucky,B01001_036,145281,598
21,Kentucky,B01001_037,142819,2525
21,Kentucky,B01001_038,139601,2408
21,Kentucky,B01001_039,137419,554
21,Kentucky,B01001_040,142409,647
21,Kentucky,B01001_041,149606,1969
21,Kentucky,B01001_042,63652,1604
21,Kentucky,B01001_043,92320,1916
21,Kentucky,B01001_044,59478,1706
21,Kentucky,B01001_045,78186,1624
21,Kentucky,B01001_046,110159,1993
21,Kentucky,B01001_047,77249,1454
21,Kentucky,B01001_048,49276,1082
21,Kentucky,B01001_049,48763,1278
22,Louisiana,B01001_026,2358203,1007
22,Louisiana,B01001_027,141253,844
22,Louisiana,B01001_028,144153,2280
22,Louisiana,B01001_029,156292,2249
22,Louisiana,B01001_030,90476,743
22,Louisiana,B01001_031,56736,778
22,Louisiana,B01001_032,35055,1740
22,Louisiana,B01001_033,32157,1569
22,Louisiana,B01001_034,84508,2074
22,Louisiana,B01001_035,152376,814
22,Louisiana,B01001_036,162216,858
22,Louisiana,B01001_037,160350,2644
22,Louisiana,B01001_038,147624,2697
22,Louisiana,B01001_039,133480,733
22,Louisiana,B01001_040,137914,640
22,Louisiana,B01001_041,149319,2763
22,Louisiana,B01001_042,64654,2420
22,Louisiana,B01001_043,91566,2394
22,Louisiana,B01001_044,55986,1549
22,Louisiana,B01001_045,80450,2011
22,Louisiana,B01001_046,110625,1929
22,Louisiana,B01001_047,74878,1580
22,Louisiana,B01001_048,46276,1446
22,Louisiana,B01001_049,49859,1568
23,Maine,B01001_026,699037,465
23,Maine,B01001_027,30634,234
23,Maine,B01001_028,34496,1106
23,Maine,B01001_029,34477,1089
23,Maine,B01001_030,22724,235
23,Maine,B01001_031,16143,339
23,Maine,B01001_032,7634,578
23,Maine,B01001_033,8600,768
23,Maine,B01001_034,20595,792
23,Maine,B01001_035,39578,239
23,Maine,B01001_036,43192,311
23,Maine,B01001_037,42466,1159
23,Maine,B01001_038,40520,1138
23,Maine,B01001_039,40568,269
23,Maine,B01001_040,45950,227
23,Maine,B01001_041,52782,1166
23,Maine,B01001_042,23233,945
23,Maine,B01001_043,32946,1151
23,Maine,B01001_044,22177,964
23,Maine,B01001_045,29661,1019
23,Maine,B01001_046,42764,1022
23,Maine,B01001_047,27852,968
23,Maine,B01001_048,19280,866
23,Maine,B01001_049,20765,899
24,Maryland,B01001_026,3168659,703
24,Maryland,B01001_027,176426,377
24,Maryland,B01001_028,185013,3103
24,Maryland,B01001_029,194158,3143
24,Maryland,B01001_030,117763,377
24,Maryland,B01001_031,76283,498
24,Maryland,B01001_032,35838,1654
24,Maryland,B01001_033,35126,1469
24,Maryland,B01001_034,111532,1888
24,Maryland,B01001_035,197342,400
24,Maryland,B01001_036,215239,367
24,Maryland,B01001_037,217921,2733
24,Maryland,B01001_038,204542,2754
24,Maryland,B01001_039,194056,425
24,Maryland,B01001_040,211178,419
24,Maryland,B01001_041,217609,2912
24,Maryland,B01001_042,88191,2056
24,Maryland,B01001_043,126271,2431
24,Maryland,B01001_044,76025,2120
24,Maryland,B01001_045,102119,1846
24,Maryland,B01001_046,145467,2175
24,Maryland,B01001_047,98799,1757
24,Maryland,B01001_048,65947,1745
24,Maryland,B01001_049,75814,1763
25,Massachusetts,B01001_026,3575630,736
25,Massachusetts,B01001_027,170673,348
25,Massachusetts,B01001_028,177973,2569
25,Massachusetts,B01001_029,195678,2571
25,Massachusetts,B01001_030,122623,340
25,Massachusetts,B01001_031,104233,717
25,Massachusetts,B01001_032,47721,1575
25,Massachusetts,B01001_033,47612,1863
25,Massachusetts,B01001_034,143185,2221
25,Massachusetts,B01001_035,242658,417
25,Massachusetts,B01001_036,247521,256
25,Massachusetts,B01001_037,234061,3135
25,Massachusetts,B01001_038,218985,3118
25,Massachusetts,B01001_039,212313,268
25,Massachusetts,B01001_040,235953,291
25,Massachusetts,B01001_041,247809,2924
25,Massachusetts,B01001_042,96780,2340
25,Massachusetts,B01001_043,148616,3094
25,Massachusetts,B01001_044,87014,1988
25,Massachusetts,B01001_045,121467,2072
25,Massachusetts,B01001_046,175721,2275
25,Massachusetts,B01001_047,117757,2071
25,Massachusetts,B01001_048,77656,1987
25,Massachusetts,B01001_049,101621,1962
26,Michigan,B01001_026,5069516,819
26,Michigan,B01001_027,267907,356
26,Michigan,B01001_028,283986,2867
26,Michigan,B01001_029,306804,2913
26,Michigan,B01001_030,190519,378
26,Michigan,B01001_031,128483,601
26,Michigan,B01001_032,67374,2064
26,Michigan,B01001_033,69151,1984
26,Michigan,B01001_034,190233,2395
26,Michigan,B01001_035,323747,486
26,Michigan,B01001_036,322127,516
26,Michigan,B01001_037,308908,2836
26,Michigan,B01001_038,293418,2793
26,Michigan,B01001_039,294932,495
26,Michigan,B01001_040,322557,481
26,Michigan,B01001_041,343549,2955
26,Michigan,B01001_042,142968,2508
26,Michigan,B01001_043,217120,2455
26,Michigan,B01001_044,135034,2616
26,Michigan,B01001_045,183026,2915
26,Michigan,B01001_046,260991,2778
26,Michigan,B01001_047,169462,2260
26,Michigan,B01001_048,114016,1748
26,Michigan,B01001_049,133204,2318
27,Minnesota,B01001_026,2851582,842
27,Minnesota,B01001_027,166020,436
27,Minnesota,B01001_028,176433,2322
27,Minnesota,B01001_029,188767,2330
27,Minnesota,B01001_030,113581,510
27,Minnesota,B01001_031,70790,651
27,Minnesota,B01001_032,36437,1544
27,Minnesota,B01001_033,34858,1310
27,Minnesota,B01001_034,103329,1761
27,Minnesota,B01001_035,180256,508
27,Minnesota,B01001_036,186662,672
27,Minnesota,B01001_037,193789,2366
27,Minnesota,B01001_038,180273,2349
27,Minnesota,B01001_039,158997,526
27,Minnesota,B01001_040,168997,523
27,Minnesota,B01001_041,183559,1896
27,Minnesota,B01001_042,78419,1507
27,Minnesota,B01001_043,112688,1718
27,Minnesota,B01001_044,68136,1544
27,Minnesota,B01001_045,95111,1702
27,Minnesota,B01001_046,129915,1857
27,Minnesota,B01001_047,88806,1574
27,Minnesota,B01001_048,60458,1585
27,Minnesota,B01001_049,75301,1646
28,Mississippi,B01001_026,1519917,1334
28,Mississippi,B01001_027,86132,845
28,Mississippi,B01001_028,91470,1784
28,Mississippi,B01001_029,100150,1864
28,Mississippi,B01001_030,61846,778
28,Mississippi,B01001_031,43362,1045
28,Mississippi,B01001_032,22569,1512
28,Mississippi,B01001_033,20769,1328
28,Mississippi,B01001_034,56659,1748
28,Mississippi,B01001_035,93181,740
28,Mississippi,B01001_036,94756,675
28,Mississippi,B01001_037,94963,2181
28,Mississippi,B01001_038,96409,2158
28,Mississippi,B01001_039,90473,657
28,Mississippi,B01001_040,92894,609
28,Mississippi,B01001_041,94318,1859
28,Mississippi,B01001_042,40486,1628
28,Mississippi,B01001_043,61788,1634
28,Mississippi,B01001_044,38371,1371
28,Mississippi,B01001_045,50488,1289
28,Mississippi,B01001_046,72346,1608
28,Mississippi,B01001_047,49270,1231
28,Mississippi,B01001_048,34044,1114
28,Mississippi,B01001_049,33173,1307
29,Missouri,B01001_026,3127491,1116
29,Missouri,B01001_027,175761,644
29,Missouri,B01001_028,184286,2617
29,Missouri,B01001_029,196393,2708
29,Missouri,B01001_030,119379,636
29,Missouri,B01001_031,78657,808
29,Missouri,B01001_032,40152,1720
29,Missouri,B01001_033,40508,1745
29,Missouri,B01001_034,117686,1779
29,Missouri,B01001_035,200202,598
29,Missouri,B01001_036,206439,755
29,Missouri,B01001_037,201885,2698
29,Missouri,B01001_038,188765,2757
29,Missouri,B01001_039,177477,669
29,Missouri,B01001_040,186609,640
29,Missouri,B01001_041,203069,2476
29,Missouri,B01001_042,87579,1785
29,Missouri,B01001_043,126980,2148
29,Missouri,B01001_044,77896,1883
29,Missouri,B01001_045,106695,1970
29,Missouri,B01001_046,154394,2106
29,Missouri,B01001_047,104902,1848
29,Missouri,B01001_048,74626,1552
29,Missouri,B01001_049,77151,1848
30,Montana,B01001_026,545037,649
30,Montana,B01001_027,28449,307
30,Montana,B01001_028,31791,970
30,Montana,B01001_029,33542,962
30,Montana,B01001_030,20035,329
30,Montana,B01001_031,12399,330
30,Montana,B01001_032,8046,699
30,Montana,B01001_033,7439,663
30,Montana,B01001_034,19238,957
30,Montana,B01001_035,33891,390
30,Montana,B01001_036,34906,381
30,Montana,B01001_037,34831,1036
30,Montana,B01001_038,33594,1130
30,Montana,B01001_039,29368,397
30,Montana,B01001_040,30022,284
30,Montana,B01001_041,35152,882
30,Montana,B01001_042,15936,836
30,Montana,B01001_043,23541,800
30,Montana,B01001_044,15999,760
30,Montana,B01001_045,22388,760
30,Montana,B01001_046,29665,891
30,Montana,B01001_047,19644,791
30,Montana,B01001_048,12309,672
30,Montana,B01001_049,12852,689
31,Nebraska,B01001_026,978420,827
31,Nebraska,B01001_027,62089,415
31,Nebraska,B01001_028,65474,1330
31,Nebraska,B01001_029,67392,1237
31,Nebraska,B01001_030,40600,339
31,Nebraska,B01001_031,26433,409
31,Nebraska,B01001_032,12798,823
31,Nebraska,B01001_033,13288,789
31,Nebraska,B01001_034,40432,1002
31,Nebraska,B01001_035,62321,322
31,Nebraska,B01001_036,61788,387
31,Nebraska,B01001_037,64224,1372
31,Nebraska,B01001_038,60208,1328
31,Nebraska,B01001_039,53087,325
31,Nebraska,B01001_040,53777,369
31,Nebraska,B01001_041,56768,1205
31,Nebraska,B01001_042,25490,781
31,Nebraska,B01001_043,37460,967
31,Nebraska,B01001_044,22484,926
31,Nebraska,B01001_045,31884,947
31,Nebraska,B01001_046,44783,921
31,Nebraska,B01001_047,29249,739
31,Nebraska,B01001_048,20694,675
31,Nebraska,B01001_049,25697,691
32,Nevada,B01001_026,1558524,588
32,Nevada,B01001_027,86694,289
32,Nevada,B01001_028,93457,2096
32,Nevada,B01001_029,98974,2048
32,Nevada,B01001_030,59231,242
32,Nevada,B01001_031,32840,314
32,Nevada,B01001_032,18782,1236
32,Nevada,B01001_033,16159,1025
32,Nevada,B01001_034,54355,1442
32,Nevada,B01001_035,107814,272
32,Nevada,B01001_036,114167,279
32,Nevada,B01001_037,107745,1812
32,Nevada,B01001_038,102396,1879
32,Nevada,B01001_039,97022,307
32,Nevada,B01001_040,98689,379
32,Nevada,B01001_041,99135,1558
32,Nevada,B01001_042,38423,1537
32,Nevada,B01001_043,57667,1507
32,Nevada,B01001_044,38323,1145
32,Nevada,B01001_045,52408,1497
32,Nevada,B01001_046,76024,1609
32,Nevada,B01001_047,51648,1465
32,Nevada,B01001_048,29638,962
32,Nevada,B01001_049,26933,1437
33,New Hampshire,B01001_026,695266,467
33,New Hampshire,B01001_027,31123,206
33,New Hampshire,B01001_028,33009,1187
33,New Hampshire,B01001_029,37540,1178
33,New Hampshire,B01001_030,23748,201
33,New Hampshire,B01001_031,17858,289
33,New Hampshire,B01001_032,9079,689
33,New Hampshire,B01001_033,8436,623
33,New Hampshire,B01001_034,24506,812
33,New Hampshire,B01001_035,40889,294
33,New Hampshire,B01001_036,43689,252
33,New Hampshire,B01001_037,42881,1254
33,New Hampshire,B01001_038,39734,1235
33,New Hampshire,B01001_039,40721,259
33,New Hampshire,B01001_040,47740,216
33,New Hampshire,B01001_041,53855,1254
33,New Hampshire,B01001_042,23013,925
33,New Hampshire,B01001_043,32677,1127
33,New Hampshire,B01001_044,19250,944
33,New Hampshire,B01001_045,25751,918
33,New Hampshire,B01001_046,39865,1085
33,New Hampshire,B01001_047,25154,998
33,New Hampshire,B01001_048,16904,866
33,New Hampshire,B01001_049,17844,751
34,New Jersey,B01001_026,4708343,425
34,New Jersey,B01001_027,256842,305
34,New Jersey,B01001_028,268215,3327
34,New Jersey,B01001_029,289583,3371
34,New Jersey,B01001_030,177577,260
34,New Jersey,B01001_031,107019,378
34,New Jersey,B01001_032,51835,1945
34,New Jersey,B01001_033,51730,2098
34,New Jersey,B01001_034,169917,2374
34,New Jersey,B01001_035,287301,336
34,New Jersey,B01001_036,300603,259
34,New Jersey,B01001_037,308402,2973
34,New Jersey,B01001_038,298507,3028
34,New Jersey,B01001_039,296795,275
34,New Jersey,B01001_040,320010,249
34,New Jersey,B01001_041,329001,3798
34,New Jersey,B01001_042,132673,2761
34,New Jersey,B01001_043,189091,2871
34,New Jersey,B01001_044,114308,2417
34,New Jersey,B01001_045,154741,2182
34,New Jersey,B01001_046,216263,2774
34,New Jersey,B01001_047,156326,2262
34,New Jersey,B01001_048,105094,2276
34,New Jersey,B01001_049,126510,2426
35,New Mexico,B01001_026,1064400,870
35,New Mexico,B01001_027,54902,581
35,New Mexico,B01001_028,61550,1697
35,New Mexico,B01001_029,70343,1809
35,New Mexico,B01001_030,42336,505
35,New Mexico,B01001_031,27216,684
35,New Mexico,B01001_032,14150,1047
35,New Mexico,B01001_033,13243,902
35,New Mexico,B01001_034,39828,1495
35,New Mexico,B01001_035,67369,674
35,New Mexico,B01001_036,68966,615
35,New Mexico,B01001_037,67308,1611
35,New Mexico,B01001_038,63517,1586
35,New Mexico,B01001_039,59212,508
35,New Mexico,B01001_040,60229,464
35,New Mexico,B01001_041,66906,1481
35,New Mexico,B01001_042,29115,1355
35,New Mexico,B01001_043,44125,1537
35,New Mexico,B01001_044,27837,1076
35,New Mexico,B01001_045,41630,1375
35,New Mexico,B01001_046,56362,1370
35,New Mexico,B01001_047,37259,1178
35,New Mexico,B01001_048,24919,963
35,New Mexico,B01001_049,26078,1265
36,New York,B01001_026,10169902,985
36,New York,B01001_027,539634,566
36,New York,B01001_028,539166,4767
36,New York,B01001_029,579144,4787
36,New York,B01001_030,347636,607
36,New York,B01001_031,253442,1346
36,New York,B01001_032,122055,3135
36,New York,B01001_033,126402,3357
36,New York,B01001_034,381657,3844
36,New York,B01001_035,707560,695
36,New York,B01001_036,715027,635
36,New York,B01001_037,661214,4963
36,New York,B01001_038,621279,4951
36,New York,B01001_039,602968,620
36,New York,B01001_040,656011,612
36,New York,B01001_041,693348,5563
36,New York,B01001_042,285091,3717
36,New York,B01001_043,396343,4605
36,New York,B01001_044,247361,3461
36,New York,B01001_045,333147,4013
36,New York,B01001_046,493265,4255
36,New York,B01001_047,339991,3532
36,New York,B01001_048,240966,3661
36,New York,B01001_049,287195,3202
37,North Carolina,B01001_026,5406453,1415
37,North Carolina,B01001_027,292369,676
37,North Carolina,B01001_028,309444,3975
37,North Carolina,B01001_029,331320,3905
37,North Carolina,B01001_030,203740,868
37,North Carolina,B01001_031,143957,1273
37,North Carolina,B01001_032,72835,2445
37,North Carolina,B01001_033,68340,2757
37,North Carolina,B01001_034,198359,2880
37,North Carolina,B01001_035,351320,787
37,North Carolina,B01001_036,361930,941
37,North Carolina,B01001_037,341369,4087
37,North Carolina,B01001_038,343442,3903
37,North Carolina,B01001_039,336273,918
37,North Carolina,B01001_040,350284,764
37,North Carolina,B01001_041,352332,3731
37,North Carolina,B01001_042,145199,2810
37,North Carolina,B01001_043,208904,3116
37,North Carolina,B01001_044,131244,2835
37,North Carolina,B01001_045,183073,2821
37,North Carolina,B01001_046,267514,2846
37,North Carolina,B01001_047,181266,2498
37,North Carolina,B01001_048,113450,2356
37,North Carolina,B01001_049,118489,2076
38,North Dakota,B01001_026,380235,808
38,North Dakota,B01001_027,25316,449
38,North Dakota,B01001_028,24985,981
38,North Dakota,B01001_029,25928,1032
38,North Dakota,B01001_030,14396,368
38,North Dakota,B01001_031,11299,379
38,North Dakota,B01001_032,5524,573
38,North Dakota,B01001_033,6334,797
38,North Dakota,B01001_034,17399,1032
38,North Dakota,B01001_035,26120,310
38,North Dakota,B01001_036,25874,367
38,North Dakota,B01001_037,25873,961
38,North Dakota,B01001_038,21381,800
38,North Dakota,B01001_039,18038,236
38,North Dakota,B01001_040,19222,301
38,North Dakota,B01001_041,22329,753
38,North Dakota,B01001_042,9855,605
38,North Dakota,B01001_043,13105,649
38,North Dakota,B01001_044,8956,599
38,North Dakota,B01001_045,11516,586
38,North Dakota,B01001_046,15983,592
38,North Dakota,B01001_047,11321,565
38,North Dakota,B01001_048,8307,450
38,North Dakota,B01001_049,11174,586
39,Ohio,B01001_026,5970969,1300
39,Ohio,B01001_027,330253,636
39,Ohio,B01001_028,347093,3959
39,Ohio,B01001_029,370191,3810
39,Ohio,B01001_030,227014,741
39,Ohio,B01001_031,148253,1071
39,Ohio,B01001_032,76377,2145
39,Ohio,B01001_033,74337,2120
39,Ohio,B01001_034,214226,2703
39,Ohio,B01001_035,380249,853
39,Ohio,B01001_036,388906,708
39,Ohio,B01001_037,368010,3556
39,Ohio,B01001_038,360447,3560
39,Ohio,B01001_039,344963,699
39,Ohio,B01001_040,370183,592
39,Ohio,B01001_041,394119,3599
39,Ohio,B01001_042,169812,2850
39,Ohio,B01001_043,243608,3208
39,Ohio,B01001_044,156791,2328
39,Ohio,B01001_045,212264,3246
39,Ohio,B01001_046,297197,3260
39,Ohio,B01001_047,200754,2652
39,Ohio,B01001_048,138752,2359
39,Ohio,B01001_049,157170,2305
40,Oklahoma,B01001_026,2006574,665
40,Oklahoma,B01001_027,121172,411
40,Oklahoma,B01001_028,131978,1864
40,Oklahoma,B01001_029,136035,1803
40,Oklahoma,B01001_030,81665,366
40,Oklahoma,B01001_031,54195,581
40,Oklahoma,B01001_032,29123,1131
40,Oklahoma,B01001_033,28175,1137
40,Oklahoma,B01001_034,76408,1301
40,Oklahoma,B01001_035,131019,502
40,Oklahoma,B01001_036,134038,399
40,Oklahoma,B01001_037,133547,2012
40,Oklahoma,B01001_038,123091,1967
40,Oklahoma,B01001_039,113793,411
40,Oklahoma,B01001_040,113293,461
40,Oklahoma,B01001_041,120327,1602
40,Oklahoma,B01001_042,50440,1305
40,Oklahoma,B01001_043,75817,1368
40,Oklahoma,B01001_044,44463,1298
40,Oklahoma,B01001_045,63394,1645
40,Oklahoma,B01001_046,94285,1510
40,Oklahoma,B01001_047,64297,1470
40,Oklahoma,B01001_048,42754,1306
40,Oklahoma,B01001_049,43265,1328
41,Oregon,B01001_026,2124865,980
41,Oregon,B01001_027,103455,428
41,Oregon,B01001_028,112629,1979
41,Oregon,B01001_029,125667,2020
41,Oregon,B01001_030,74438,526
41,Oregon,B01001_031,49240,607
41,Oregon,B01001_032,24981,1327
41,Oregon,B01001_033,25798,1532
41,Oregon,B01001_034,77281,1738
41,Oregon,B01001_035,140481,439
41,Oregon,B01001_036,150877,424
41,Oregon,B01001_037,146250,2164
41,Oregon,B01001_038,144247,2194
41,Oregon,B01001_039,128774,597
41,Oregon,B01001_040,126741,567
41,Oregon,B01001_041,125649,1842
41,Oregon,B01001_042,57555,1851
41,Oregon,B01001_043,85702,1782
41,Oregon,B01001_044,55089,1702
41,Oregon,B01001_045,81903,1965
41,Oregon,B01001_046,115568,1659
41,Oregon,B01001_047,75812,1681
41,Oregon,B01001_048,44759,1258
41,Oregon,B01001_049,51969,1471
42,Pennsylvania,B01001_026,6585606,830
42,Pennsylvania,B01001_027,333861,429
42,Pennsylvania,B01001_028,356408,3401
42,Pennsylvania,B01001_029,380078,3393
42,Pennsylvania,B01001_030,232849,396
42,Pennsylvania,B01001_031,179711,938
42,Pennsylvania,B01001_032,84590,2473
42,Pennsylvania,B01001_033,82104,2448
42,Pennsylvania,B01001_034,227739,2711
42,Pennsylvania,B01001_035,404128,510
42,Pennsylvania,B01001_036,429979,537
42,Pennsylvania,B01001_037,411419,3945
42,Pennsylvania,B01001_038,384214,3919
42,Pennsylvania,B01001_039,374082,498
42,Pennsylvania,B01001_040,414961,426
42,Pennsylvania,B01001_041,447289,3378
42,Pennsylvania,B01001_042,189377,3080
42,Pennsylvania,B01001_043,281972,3604
42,Pennsylvania,B01001_044,174940,2666
42,Pennsylvania,B01001_045,242987,2677
42,Pennsylvania,B01001_046,344080,3469
42,Pennsylvania,B01001_047,237193,3059
42,Pennsylvania,B01001_048,164340,2815
42,Pennsylvania,B01001_049,207305,2922
44,Rhode Island,B01001_026,558198,415
44,Rhode Island,B01001_027,26612,260
44,Rhode Island,B01001_028,27951,1177
44,Rhode Island,B01001_029,28775,1172
44,Rhode Island,B01001_030,18200,246
44,Rhode Island,B01001_031,18168,286
44,Rhode Island,B01001_032,9349,700
44,Rhode Island,B01001_033,7878,887
44,Rhode Island,B01001_034,20294,911
44,Rhode Island,B01001_035,36221,319
44,Rhode Island,B01001_036,38012,317
44,Rhode Island,B01001_037,34661,1153
44,Rhode Island,B01001_038,33006,1172
44,Rhode Island,B01001_039,31760,257
44,Rhode Island,B01001_040,36319,297
44,Rhode Island,B01001_041,37943,1307
44,Rhode Island,B01001_042,18156,1094
44,Rhode Island,B01001_043,23444,1232
44,Rhode Island,B01001_044,14733,776
44,Rhode Island,B01001_045,20052,880
44,Rhode Island,B01001_046,27014,1007
44,Rhode Island,B01001_047,19762,942
44,Rhode Island,B01001_048,13386,911
44,Rhode Island,B01001_049,16502,799
45,South Carolina,B01001_026,2675318,1071
45,South Carolina,B01001_027,140152,536
45,South Carolina,B01001_028,154216,2863
45,South Carolina,B01001_029,159687,2915
45,South Carolina,B01001_030,98013,574
45,South Carolina,B01001_031,68833,782
45,South Carolina,B01001_032,33802,1523
45,South Carolina,B01001_033,34455,1636
45,South Carolina,B01001_034,94366,2304
45,South Carolina,B01001_035,165622,591
45,South Carolina,B01001_036,175703,661
45,South Carolina,B01001_037,167648,2538
45,South Carolina,B01001_038,162719,2621
45,South Carolina,B01001_039,158019,588
45,South Carolina,B01001_040,167387,534
45,South Carolina,B01001_041,175297,2873
45,South Carolina,B01001_042,76219,1894
45,South Carolina,B01001_043,111898,2709
45,South Carolina,B01001_044,71803,1974
45,South Carolina,B01001_045,101059,2344
45,South Carolina,B01001_046,143983,2302
45,South Carolina,B01001_047,98917,1714
45,South Carolina,B01001_048,58478,1477
45,South Carolina,B01001_049,57042,1382
46,South Dakota,B01001_026,443597,912
46,South Dakota,B01001_027,28870,393
46,South Dakota,B01001_028,30539,943
46,South Dakota,B01001_029,30428,964
46,South Dakota,B01001_030,18052,366
46,South Dakota,B01001_031,11601,471
46,South Dakota,B01001_032,5486,569
46,South Dakota,B01001_033,5310,498
46,South Dakota,B01001_034,17390,735
46,South Dakota,B01001_035,26381,367
46,South Dakota,B01001_036,28099,445
46,South Dakota,B01001_037,28040,874
46,South Dakota,B01001_038,25826,791
46,South Dakota,B01001_039,22952,305
46,South Dakota,B01001_040,23536,273
46,South Dakota,B01001_041,27866,879
46,South Dakota,B01001_042,12125,755
46,South Dakota,B01001_043,17597,779
46,South Dakota,B01001_044,11330,664
46,South Dakota,B01001_045,14763,660
46,South Dakota,B01001_046,21735,757
46,South Dakota,B01001_047,13377,661
46,South Dakota,B01001_048,9563,617
46,South Dakota,B01001_049,12731,661
47,Tennessee,B01001_026,3558032,1431
47,Tennessee,B01001_027,200194,910
47,Tennessee,B01001_028,207967,2790
47,Tennessee,B01001_029,219506,2944
47,Tennessee,B01001_030,132954,749
47,Tennessee,B01001_031,82756,896
47,Tennessee,B01001_032,45869,1780
47,Tennessee,B01001_033,45693,1797
47,Tennessee,B01001_034,132425,1996
47,Tennessee,B01001_035,242908,739
47,Tennessee,B01001_036,242726,773
47,Tennessee,B01001_037,228090,3213
47,Tennessee,B01001_038,220113,3144
47,Tennessee,B01001_039,215738,837
47,Tennessee,B01001_040,225949,685
47,Tennessee,B01001_041,233343,3276
47,Tennessee,B01001_042,96117,2205
47,Tennessee,B01001_043,138729,2567
47,Tennessee,B01001_044,85190,2175
47,Tennessee,B01001_045,122176,2355
47,Tennessee,B01001_046,172971,2135
47,Tennessee,B01001_047,117803,2005
47,Tennessee,B01001_048,76853,1856
47,Tennessee,B01001_049,71962,1766
48,Texas,B01001_026,14850356,2328
48,Texas,B01001_027,943540,1279
48,Texas,B01001_028,1003225,8042
48,Texas,B01001_029,1075775,7966
48,Texas,B01001_030,635876,1026
48,Texas,B01001_031,402377,1558
48,Texas,B01001_032,194438,4433
48,Texas,B01001_033,196454,3828
48,Texas,B01001_034,600739,5316
48,Texas,B01001_035,1040874,1442
48,Texas,B01001_036,1066918,1567
48,Texas,B01001_037,1044093,6908
48,Texas,B01001_038,998909,7012
48,Texas,B01001_039,928818,1377
48,Texas,B01001_040,890171,1219
48,Texas,B01001_041,853526,5174
48,Texas,B01001_042,345502,5108
48,Texas,B01001_043,487342,5047
48,Texas,B01001_044,297010,4235
48,Texas,B01001_045,403811,4299
48,Texas,B01001_046,570790,4803
48,Texas,B01001_047,374272,3780
48,Texas,B01001_048,242257,3353
48,Texas,B01001_049,253639,3798
49,Utah,B01001_026,1644625,710
49,Utah,B01001_027,116056,308
49,Utah,B01001_028,128170,2072
49,Utah,B01001_029,132835,2111
49,Utah,B01001_030,81568,269
49,Utah,B01001_031,52984,414
49,Utah,B01001_032,25081,1262
49,Utah,B01001_033,26540,1294
49,Utah,B01001_034,83964,1593
49,Utah,B01001_035,123472,402
49,Utah,B01001_036,114821,378
49,Utah,B01001_037,114248,1932
49,Utah,B01001_038,111007,1960
49,Utah,B01001_039,93444,350
49,Utah,B01001_040,81165,350
49,Utah,B01001_041,77390,1365
49,Utah,B01001_042,31116,1203
49,Utah,B01001_043,46338,1374
49,Utah,B01001_044,28522,1162
49,Utah,B01001_045,39173,1234
49,Utah,B01001_046,54774,1246
49,Utah,B01001_047,35850,942
49,Utah,B01001_048,23972,989
49,Utah,B01001_049,22135,929
50,Vermont,B01001_026,324933,368
50,Vermont,B01001_027,13734,171
50,Vermont,B01001_028,15146,639
50,Vermont,B01001_029,17082,641
50,Vermont,B01001_030,10576,162
50,Vermont,B01001_031,10703,539
50,Vermont,B01001_032,5158,544
50,Vermont,B01001_033,4672,536
50,Vermont,B01001_034,11320,657
50,Vermont,B01001_035,18854,245
50,Vermont,B01001_036,18930,193
50,Vermont,B01001_037,20651,712
50,Vermont,B01001_038,18728,707
50,Vermont,B01001_039,18319,181
50,Vermont,B01001_040,20754,204
50,Vermont,B01001_041,22668,652
50,Vermont,B01001_042,10308,578
50,Vermont,B01001_043,16007,767
50,Vermont,B01001_044,9844,479
50,Vermont,B01001_045,13472,596
50,Vermont,B01001_046,18575,663
50,Vermont,B01001_047,12410,571
50,Vermont,B01001_048,8707,564
50,Vermont,B01001_049,8315,518
51,Virginia,B01001_026,4379009,1565
51,Virginia,B01001_027,242190,817
51,Virginia,B01001_028,250644,2865
51,Virginia,B01001_029,268429,2819
51,Virginia,B01001_030,161187,982
51,Virginia,B01001_031,116851,1144
51,Virginia,B01001_032,56166,1718
51,Virginia,B01001_033,54674,1820
51,Virginia,B01001_034,164688,2060
51,Virginia,B01001_035,283946,1171
51,Virginia,B01001_036,296760,1069
51,Virginia,B01001_037,296398,3725
51,Virginia,B01001_038,284859,3670
51,Virginia,B01001_039,268785,946
51,Virginia,B01001_040,281019,808
51,Virginia,B01001_041,290176,3104
51,Virginia,B01001_042,117293,2443
51,Virginia,B01001_043,165922,2815
51,Virginia,B01001_044,103334,2262
51,Virginia,B01001_045,140535,2156
51,Virginia,B01001_046,204084,2552
51,Virginia,B01001_047,143048,2012
51,Virginia,B01001_048,93405,1753
51,Virginia,B01001_049,94616,1838
53,Washington,B01001_026,3842772,675
53,Washington,B01001_027,213406,341
53,Washington,B01001_028,226184,2586
53,Washington,B01001_029,237752,2638
53,Washington,B01001_030,139758,356
53,Washington,B01001_031,86903,657
53,Washington,B01001_032,40887,1793
53,Washington,B01001_033,44821,1618
53,Washington,B01001_034,142315,2382
53,Washington,B01001_035,271758,530
53,Washington,B01001_036,292636,487
53,Washington,B01001_037,274835,3179
53,Washington,B01001_038,256329,3096
53,Washington,B01001_039,227780,436
53,Washington,B01001_040,230419,398
53,Washington,B01001_041,230476,2641
53,Washington,B01001_042,99543,2498
53,Washington,B01001_043,147773,2678
53,Washington,B01001_044,92956,2100
53,Washington,B01001_045,127395,2234
53,Washington,B01001_046,183454,2319
53,Washington,B01001_047,116351,1896
53,Washington,B01001_048,73706,1713
53,Washington,B01001_049,85335,1972
54,West Virginia,B01001_026,894306,831
54,West Virginia,B01001_027,43478,427
54,West Virginia,B01001_028,48371,1187
54,West Virginia,B01001_029,51515,1221
54,West Virginia,B01001_030,31710,283
54,West Virginia,B01001_031,21657,530
54,West Virginia,B01001_032,11803,876
54,West Virginia,B01001_033,11040,797
54,West Virginia,B01001_034,30132,968
54,West Virginia,B01001_035,50873,324
54,West Virginia,B01001_036,51800,444
54,West Virginia,B01001_037,49580,1450
54,West Virginia,B01001_038,56309,1420
54,West Virginia,B01001_039,54206,383
54,West Virginia,B01001_040,57176,331
54,West Virginia,B01001_041,59196,1424
54,West Virginia,B01001_042,26509,1117
54,West Virginia,B01001_043,39878,1412
54,West Virginia,B01001_044,25232,900
54,West Virginia,B01001_045,36122,1097
54,West Virginia,B01001_046,54649,1208
54,West Virginia,B01001_047,34565,989
54,West Virginia,B01001_048,23846,1064
54,West Virginia,B01001_049,24659,1144
55,Wisconsin,B01001_026,2941483,701
55,Wisconsin,B01001_027,156086,418
55,Wisconsin,B01001_028,170583,2067
55,Wisconsin,B01001_029,180575,2056
55,Wisconsin,B01001_030,112588,374
55,Wisconsin,B01001_031,77199,570
55,Wisconsin,B01001_032,39934,1462
55,Wisconsin,B01001_033,41000,1691
55,Wisconsin,B01001_034,111364,1990
55,Wisconsin,B01001_035,180108,501
55,Wisconsin,B01001_036,179421,472
55,Wisconsin,B01001_037,187857,2408
55,Wisconsin,B01001_038,176598,2468
55,Wisconsin,B01001_039,165874,462
55,Wisconsin,B01001_040,180490,373
55,Wisconsin,B01001_041,206288,1822
55,Wisconsin,B01001_042,83806,1475
55,Wisconsin,B01001_043,123258,1794
55,Wisconsin,B01001_044,75960,1683
55,Wisconsin,B01001_045,106077,1844
55,Wisconsin,B01001_046,145844,2146
55,Wisconsin,B01001_047,94376,1417
55,Wisconsin,B01001_048,66810,1614
55,Wisconsin,B01001_049,79387,1908
56,Wyoming,B01001_026,283115,703
56,Wyoming,B01001_027,15583,397
56,Wyoming,B01001_028,17666,771
56,Wyoming,B01001_029,19554,754
56,Wyoming,B01001_030,11315,339
56,Wyoming,B01001_031,6879,307
56,Wyoming,B01001_032,3803,353
56,Wyoming,B01001_033,3479,416
56,Wyoming,B01001_034,10371,507
56,Wyoming,B01001_035,16831,349
56,Wyoming,B01001_036,18355,383
56,Wyoming,B01001_037,19269,835
56,Wyoming,B01001_038,18152,767
56,Wyoming,B01001_039,15468,301
56,Wyoming,B01001_040,15337,275
56,Wyoming,B01001_041,17696,761
56,Wyoming,B01001_042,7529,595
56,Wyoming,B01001_043,12267,789
56,Wyoming,B01001_044,7577,630
56,Wyoming,B01001_045,10899,645
56,Wyoming,B01001_046,13860,625
56,Wyoming,B01001_047,9338,558
56,Wyoming,B01001_048,5698,476
56,Wyoming,B01001_049,6189,475
72,Puerto Rico,B01001_026,1713898,688
72,Puerto Rico,B01001_027,52358,488
72,Puerto Rico,B01001_028,68781,1608
72,Puerto Rico,B01001_029,89904,1597
72,Puerto Rico,B01001_030,55911,379
72,Puerto Rico,B01001_031,39412,528
72,Puerto Rico,B01001_032,21376,1124
72,Puerto Rico,B01001_033,24423,1241
72,Puerto Rico,B01001_034,61542,1466
72,Puerto Rico,B01001_035,110857,272
72,Puerto Rico,B01001_036,104258,258
72,Puerto Rico,B01001_037,96330,2123
72,Puerto Rico,B01001_038,108282,2079
72,Puerto Rico,B01001_039,107671,261
72,Puerto Rico,B01001_040,112761,155
72,Puerto Rico,B01001_041,118605,2076
72,Puerto Rico,B01001_042,50054,1584
72,Puerto Rico,B01001_043,70439,1761
72,Puerto Rico,B01001_044,45448,1230
72,Puerto Rico,B01001_045,62684,1412
72,Puerto Rico,B01001_046,103566,1458
72,Puerto Rico,B01001_047,86752,1486
72,Puerto Rico,B01001_048,63123,1764
72,Puerto Rico,B01001_049,59361,1762
